address_id;address;secondary_address;city;state;zip;country
1;62427 Swift Trail;;Lake Rolandaburgh;MD;40064;USA
2;9629 Wolf Prairie;;Glenberg;MD;30577;USA
3;870 Geri Gateway;;Conroyshire;MA;99941-8932;USA
4;111 Agustin Turnpike;;Port Walton;AZ;52851-6341;USA
5;6952 Jaye Overpass;;Diannaborough;PA;34705;USA
6;70980 Lashawna Key;;Yahairafurt;MI;18317;USA
7;5551 Joie Ridges;;South Ahmadland;HI;08739;USA
8;171 Hahn Ways;;Lake Shizuko;MO;72656;USA
9;66055 Hugh Causeway;;Jastchester;PA;18138-7748;USA
10;1700 Haag Roads;;Treutelmouth;IA;38161-2567;USA
11;3698 Viola Springs;Apt. 753;New Marcel;NJ;67570-9073;USA
12;8308 Rolfson Tunnel;;North Despinaview;WI;70267;USA
13;8674 Jerde Lodge;;New Jarvis;HI;87444-0425;USA
14;6975 Cedrick Garden;;Bulaton;WA;39898;USA
15;6105 Tillman Ville;;New Madie;MI;86157;USA
16;9951 Cleveland Circles;;East Harlandburgh;GA;76479;USA
17;86873 Herbert Summit;;East Sheryton;LA;90332-3970;USA
18;74864 Johnston Mountain;;North Caseyview;RI;80027;USA
19;61374 Gottlieb Corner;;Leoniahaven;MD;60044-9149;USA
20;425 Fritz Turnpike;;Charlachester;PA;34660;USA
21;85352 Kuhn Pines;;East Carlo;MS;67108-5827;USA
22;674 Dalton Estate;;Corinestad;UT;94395;USA
23;306 Spinka Causeway;;Herbertmouth;NV;91229-5612;USA
24;3684 Lemke Lakes;;Christianport;ND;99700-7197;USA
25;62211 Labadie Common;;North Arronhaven;PA;37268-7140;USA
26;17794 Arthur Groves;Suite 295;East Mitsukostad;TN;01775;USA
27;3812 Gerry Mission;;East Launa;SC;38237-1672;USA
28;2082 Morissette Passage;Suite 764;Venessamouth;NV;10157-8831;USA
29;8750 Lakin Expressway;Apt. 152;West Claude;WA;25106;USA
30;830 Braun Coves;;Smithborough;NH;74189;USA
31;80007 Blanda Mews;;North Angelia;SC;82329-1776;USA
32;295 McDermott Passage;;East Millie;AK;34897;USA
33;869 Brandee Fork;;Christiansenstad;OH;66946;USA
34;118 Walter Lock;;Rolfland;ND;87965;USA
35;174 Cummings Crossroad;;Morarfort;OK;17639-4289;USA
36;135 Nolan Unions;;Bergemouth;MT;45382;USA
37;341 Hahn Road;;Kassulkeborough;GA;52694;USA
38;7209 Ronnie Curve;;Lake Sandaview;NM;22195;USA
39;72537 Yundt Flats;;Skilesport;SD;78894;USA
40;7417 Geraldo Ville;;Andersonberg;NC;78227;USA
41;225 Tyree Meadow;;Port Jules;CA;07162;USA
42;886 McKenzie Walk;;Idellachester;LA;18991-5034;USA
43;1875 Violeta Manors;;West Claire;CA;61701-6627;USA
44;4185 Rodriguez Lodge;;West Zoilaton;VT;35521;USA
45;8939 Brakus Walks;Suite 951;Lake Marguritechester;UT;54652-9055;USA
46;430 Oberbrunner Lodge;;North Jay;MN;20821-9470;USA
47;85967 Little Port;Suite 789;Donnieport;AZ;67785-3243;USA
48;3290 Brakus Valleys;;Lakeeshaville;NE;87073;USA
49;9920 Kurt Tunnel;;South Arnoldo;NL;04150-7727;CAN
50;5216 Huels Bridge;;South Craig;AL;35836;USA
51;298 Gutkowski Courts;;Micaelatown;ID;43569-9082;USA
52;7268 Stoltenberg Spring;;East Valerie;SC;61484;USA
53;240 Thompson Fall;;Nicolasside;MA;70078-3136;USA
54;2968 Volkman Squares;;Beierburgh;CT;54231;USA
55;969 Bosco Track;;Armandmouth;ID;43178;USA
56;3910 Tianna Parks;;South Claudiostad;AK;13531;USA
57;3537 Toy Center;;Chongshire;MS;28731;USA
58;535 Walter Falls;;South Gisela;AK;25177-7536;USA
59;638 Schroeder Landing;;North Ivonneland;NL;31038-7027;CAN
60;363 Lane Plaza;;Port Isidro;NC;19437-1407;USA
61;112 Simonis Ridge;;Zboncakhaven;WA;47950;USA
62;62556 Jacqulyn Orchard;;North Eli;NV;47619;USA
63;964 Renner Hollow;Apt. 852;Pricemouth;AR;97406;USA
64;956 Abshire Points;;Johnathonbury;ID;44430-5221;USA
65;86347 Grant Lake;;McGlynnberg;NH;58055-8449;USA
66;388 Hill Corners;;Lake Barrettstad;CA;11131-2000;USA
67;7857 Rich Lodge;;Brittaburgh;ME;85224-9096;USA
68;72956 Weber Village;;New Rachelhaven;CT;51209;USA
69;45941 Harrison Underpass;;Jaysonburgh;NH;42801;USA
70;1701 Shane Corner;;Rogelioland;NV;76499-3199;USA
71;6106 Roob Wells;Apt. 200;Port Chloe;MN;84025;USA
72;3938 Olson Court;;Boyerborough;WA;52570-3872;USA
73;4468 Dach Parkway;;Reynaport;OR;32251-3315;USA
74;9915 Carlo Lights;;Romagueratown;NV;34599;USA
75;8282 Kessler Coves;;Hoegerstad;NU;74214-2400;CAN
76;1770 Jovan Village;;Murazikborough;TX;11545;USA
77;416 Daryl Manor;;Stiedemannfort;OH;81168-1462;USA
78;2401 Lilli Ridge;;East Kenbury;SK;80397;CAN
79;570 Howe Point;;Stephenton;NM;88132-0606;USA
80;7887 Stamm Cove;;Vandervortchester;AK;41292-1909;USA
81;69432 Queenie Spring;;Farrellview;LA;06328;USA
82;46568 Kenneth Meadows;;Mistyborough;NV;94806;USA
83;8286 West Greens;;New Tomeka;DE;18278;USA
84;87909 Davis Expressway;;East Coryfort;OH;35792;USA
85;6195 Amberly Camp;;Antoniashire;KY;91979;USA
86;2773 Stoltenberg Hills;;West Bernieland;SC;21073-6208;USA
87;116 Hagenes Stream;;Dietrichbury;MI;03408-9258;USA
88;67625 Corkery Spurs;;Esterhaven;HI;04950-3579;USA
89;710 Rico Circle;;West Aminamouth;CO;64673;USA
90;55394 Chaya Shore;;South Devon;IN;64565-1731;USA
91;25338 Collins Underpass;;Murazikville;NY;06200;USA
92;59995 Sharri Path;;Lake Alfred;NJ;26863-6173;USA
93;7458 Darrin Springs;;Luzmouth;IL;11237-6819;USA
94;3856 Halvorson Knoll;;Philside;OK;05862-5724;USA
95;967 Hauck Terrace;;Whiteshire;OK;43993-1488;USA
96;559 Strosin Island;;North Reyna;TN;45544;USA
97;44899 Emmerich Terrace;;O'Keefeborough;ND;12939-3792;USA
98;46299 Bartoletti Drive;Suite 160;Javierville;WI;27743;USA
99;49888 Marquardt Station;;Shastaside;RI;43811;USA
100;722 Donnell Centers;;East Cecelia;WI;86942-7579;USA
101;3720 Padberg Street;;West Kiley;VT;89196;USA
102;56498 Cesar Lane;;Cassinfurt;CA;07998;USA
103;2600 Gerard Centers;;South Nedview;MT;78079;USA
104;1048 Floy Ridges;;New Albertomouth;MA;08173;USA
105;8591 Veum Bridge;;Williamsonmouth;HI;05544;USA
106;90477 Rutherford Lane;;Feilmouth;VT;82200;USA
107;8137 Helga Dale;;North Normanville;UT;08467;USA
108;5192 Crooks Point;;Lake Stephen;NM;05083;USA
109;54288 Muller Falls;;New Dexterfort;CA;81309-7828;USA
110;3746 Isa Trafficway;;Mindiport;NM;73728-2150;USA
111;3097 Zboncak Stravenue;;Port Esta;AZ;03876-6491;USA
112;58584 India Prairie;;Karrichester;WI;88370-3626;USA
113;834 Sam Orchard;Suite 396;Shushire;AR;60406-9077;USA
114;682 Tyrone Isle;;East Lucius;CT;24157;USA
115;54782 Hayes Locks;;Elbertville;NE;37165-5557;USA
116;517 Josue Court;;Schummfort;VT;45195-7569;USA
117;240 Britany Ridge;;Botsfordside;WA;25052-7340;USA
118;133 Muller Ville;;West Ai;NH;57947;USA
119;941 Ciera Via;;West Wilburnchester;AL;03148-6840;USA
120;651 Littel Keys;;West Leannatown;CO;70326-0130;USA
121;1476 Luettgen Valley;;Lake Lisettefort;TN;11311;USA
122;772 Chuck Lakes;;Garretport;IL;36746;USA
123;471 Eartha Canyon;;Howellchester;MT;71240;USA
124;65468 Murray Alley;;Port Kent;AR;80128;USA
125;88201 Albert Hollow;;Wolfstad;RI;59565-0277;USA
126;98775 O'Keefe Point;;New Edgarshire;AR;08715;USA
127;84695 Powlowski Bypass;;New Robertoport;TX;31979;USA
128;586 Chi Ranch;Apt. 213;Francesfurt;MO;26724;USA
129;7359 Deandre Fall;;Toyborough;NH;97114-6799;USA
130;15286 Jacobi Underpass;;Lindstad;OH;26886-6877;USA
131;32363 Huels Burgs;;Tomside;NY;66177-0132;USA
132;785 Dare Views;Apt. 594;West Nora;NV;06462;USA
133;59837 Bins Keys;;East Veda;QC;21759;CAN
134;1345 Laurie Prairie;Suite 323;Gutkowskiview;WI;84704-0528;USA
135;51050 Ebert Row;;Lake Leeshire;NV;41503;USA
136;864 Rosenbaum Heights;;Paucekburgh;TN;19233-5737;USA
137;60867 Connelly Branch;;North Whitney;ND;20729;USA
138;4992 Lana Center;;New Jessia;MT;74878-6949;USA
139;76599 Botsford Run;;Henrymouth;NV;91578;USA
140;752 Veum Junction;;New Margurite;AL;55558;USA
141;8475 Amparo Loop;;West Kindra;ID;09412-0853;USA
142;9214 Murray Drives;;Lake Julieann;UT;72022;USA
143;28827 Schimmel Tunnel;;Tadchester;MO;92914-5614;USA
144;922 Keenan Land;;Harberville;MN;92853-0049;USA
145;549 Murazik Forge;;Federicobury;ME;76669;USA
146;6287 Lizette Shore;;East David;ID;02258-0650;USA
147;45938 Lowe Plaza;;Colemanburgh;LA;58119;USA
148;6027 Boyle Forks;;Lake Sylvesterview;NE;36315;USA
149;98839 Luana Ville;;Reubenside;AR;02846-8120;USA
150;3839 West Stream;;West Jenna;AR;80219-4961;USA
151;87046 Daniel Shore;;Feilberg;ND;30563;USA
152;2497 Douglas Plaza;;Buckridgechester;WA;22886-3625;USA
153;261 Wade View;;Mantestad;AR;52173-9589;USA
154;98067 Wendi Courts;;Jeffersonville;MD;91001;USA
155;751 Marcelino Greens;;East Chin;FL;80870-5080;USA
156;5901 Prohaska Brook;;Port Ramon;DE;55199;USA
157;397 Tromp Lodge;Apt. 573;Greggville;NJ;35240-3820;USA
158;60430 Lang Causeway;;East Rickiemouth;MS;15985-8695;USA
159;48151 Austin Route;;West Tarra;NY;10314;USA
160;9986 Koss Cape;;Lake Raeannside;NL;58387;CAN
161;9450 Weber Orchard;;Port Dallas;AR;53349-7349;USA
162;894 Ricky Hollow;;Reginiaside;AK;29279;USA
163;659 Dibbert Turnpike;;Lake Dane;ME;10331-4101;USA
164;977 Jonnie Forges;;Hillstad;MT;14443;USA
165;72845 Haag Bridge;;Millstown;NC;52938-6562;USA
166;98642 Colin Hollow;;Drewton;KY;81211;USA
167;431 Runte Manor;;Tyton;MT;50189;USA
168;414 Elden Haven;;Quitzonstad;WY;44322;USA
169;78345 O'Reilly Cape;Apt. 107;New Dominiqueview;ID;57912;USA
170;67821 Ramonita Islands;;New Florentino;IL;33852-1847;USA
171;2177 Milan Loaf;;Jamalchester;MA;99786;USA
172;641 Goyette Estate;;Emardville;SD;46858-4950;USA
173;84504 Emily Run;;Port Fletchershire;MO;28470;USA
174;2960 Kiley Curve;;Donnyland;GA;77001-4005;USA
175;87124 Jeffrey Roads;;Stanmouth;WA;45494-5261;USA
176;467 Connelly Loaf;;Jarrodshire;CO;37455-8549;USA
177;15631 Deneen Lane;;North Sherrie;CT;79887;USA
178;41391 Margarette Junction;;Lake Sashaburgh;ND;94786;USA
179;951 Zulauf Squares;;West Jude;OH;27503;USA
180;959 Hal Road;;South Omer;AK;06799;USA
181;16523 Rolfson Shoal;;Pagacmouth;NM;72004;USA
182;899 Herman Prairie;;Altenwerthberg;HI;15023;USA
183;719 Demarcus Trafficway;;Lake Traceebury;LA;47539-9972;USA
184;917 Jeane Route;;Lake Elodiafurt;AZ;43503;USA
185;320 Pagac Crest;;Beerstad;WY;97670;USA
186;4095 Treutel Tunnel;;Charlesville;CO;67750-7576;USA
187;42313 Considine Village;;Mayerville;SC;42230-0295;USA
188;3910 Jerde Club;;Pfeffermouth;CA;71689;USA
189;338 Rice Valleys;;Lake Blancheport;OK;83343;USA
190;5786 Graham Station;;Franeckiport;OK;89692-9077;USA
