1;3451 Carl Walks;Apt. 433;Fletcherchester;OR;87942-9308;USA
2;81460 Heathcote Underpass;;Bayerchester;NY;69118-2964;USA
3;46392 Dickens Stream;Suite 873;Magalishire;AK;44434-8469;USA
4;95968 Nikolaus Run;;Turnerfort;PA;08601;USA
5;569 Jacobi Rue;;North Vicky;MA;03810;USA
6;9492 Turner Walk;;Cassieview;AZ;95114;USA
7;1275 Mardell Islands;;Albabury;IA;91647-5922;USA
8;6852 Schamberger Ridge;Suite 998;Laifort;OH;75123;USA
9;6895 Julio Islands;;Port Josiah;GA;39725-0949;USA
10;5092 Sheridan Rue;;New Dean;SD;47728;USA
11;3579 Parisian Camp;Apt. 602;Marcelinofort;DE;40308;USA
12;9498 Price Walk;;Lake Maland;MT;52342-5591;USA
13;167 Ji Expressway;;Lake Winfredfurt;NH;53182;USA
14;27920 Keebler Courts;Apt. 807;North Lucioborough;GA;68940;USA
15;998 Danny Fort;Suite 992;Mariettachester;CO;01081-8213;USA
16;7142 Mitchell Shoals;;Lake Marlonhaven;NE;19170;USA
17;9945 Wolf Pike;Suite 646;Laurenebury;HI;57882;USA
18;2032 Kecia Landing;;North Lillian;VA;55745;USA
19;678 Valentin Trail;;Roscoefort;NV;43582-6975;USA
20;40726 Langosh Springs;;Kertzmannborough;KS;52516;USA
21;7437 Sporer Ways;;Reynoldston;ME;98265;USA
22;7127 Paulette Path;;South Valeryfurt;IN;74128-7319;USA
23;7740 Schulist Trafficway;;Valentinstad;MN;11711;USA
24;45998 Dennis Isle;;Heidenreichburgh;VT;66895;USA
25;6053 Bettie Parks;;North Valda;NC;05752-7218;USA
26;7282 Mervin Highway;Apt. 649;Bradlyton;RI;91182-9788;USA
27;66380 Bergnaum Throughway;;Ondrickamouth;NV;02674;USA
28;864 Kelly Causeway;;North Maynardburgh;HI;13745-4572;USA
29;596 Botsford Glen;;North Nobukoborough;CT;90289-1364;USA
30;88218 Conn Street;;Lake Harrison;AK;70187;USA
31;700 Casper Lodge;;Veumchester;CO;63112;USA
32;6467 Dee Track;;East Ken;RI;97340-0117;USA
33;558 Tonja Extensions;;Volkmanfort;MN;19745;USA
34;642 Jamal Row;Apt. 380;Jovitatown;PA;28978;USA
35;87416 Kirlin Knoll;;New Ellyside;NH;90487-3828;USA
36;78172 Cummings Loop;;Minnaburgh;VA;29361;USA
37;2168 Dorian Causeway;;Lake Aileen;GA;51034-6599;USA
38;395 Mae Rapids;;Connville;WA;45534-2654;USA
39;2689 Brenton Fall;;Huelsfurt;CA;60096;USA
40;2414 Thiel Views;Suite 835;Vandervortport;ME;97979-4279;USA
41;342 Rudolph View;;North Fletachester;CO;21435-8274;USA
42;70269 Lucilla Drive;;Welchside;VT;45250-2178;USA
43;33392 Lucretia Motorway;;Daughertyton;MA;05456-3996;USA
44;80911 Orval Views;Apt. 293;East Erikbury;NE;05352-8744;USA
45;32767 Dickinson Well;;Lehnertown;ME;55201-0058;USA
46;26332 Purdy Terrace;;Watershaven;OR;42536;USA
47;151 Alden Ramp;;West Myron;UT;93132;USA
48;35792 Hansen Ranch;;Jodymouth;OH;90880-7577;USA
49;63792 Bednar Inlet;;Croninhaven;DE;29349;USA
50;3038 Aufderhar Point;;West Tiesha;FL;74537-0168;USA
51;986 DuBuque Burg;;Schoenfort;MS;72302;USA
52;4074 Buckridge Run;;Bahringermouth;AR;78925-6390;USA
53;9711 Greenfelder Turnpike;;Lake Marguerite;NV;74272;USA
54;789 Jc Ramp;;New Aidabury;ID;82173-5091;USA
55;4153 Gottlieb Street;;Homenickside;AR;34547;USA
56;4651 Kathlene Plaza;;South Stephen;AZ;03676;USA
57;357 Benton Mount;;West Darintown;IL;70116-6824;USA
58;3615 Haley Plaza;;East Werner;MD;45384-2178;USA
59;71075 Lesch Ports;;East Belia;IL;14787-8461;USA
60;6270 Ellsworth Gardens;;South Jeriborough;CO;95552-1114;USA
61;88984 Emerson Row;;South Lacyfurt;MT;71880-2713;USA
62;97453 Aldo Groves;;New Laciemouth;NH;42931-9663;USA
63;3482 Joana Green;;Hassieland;OK;20852;USA
64;69910 Renita Corner;;Rennerville;WV;73424-3408;USA
65;4548 Peg Mill;;Orenburgh;WA;69175;USA
66;69546 Zemlak Forge;;West Aide;NH;56000-1791;USA
67;624 Alexandra Estate;Suite 946;Wanetafurt;MT;69888;USA
68;310 Roscoe Shoals;;West Javierview;WV;82563;USA
69;287 Nyla Plain;;Port Morrischester;VT;15280-4269;USA
70;3448 Cayla Spur;;Marquardtstad;WV;66209-9742;USA
71;4853 Herman Via;;Donnellyburgh;MS;15721-7057;USA
72;417 Karan Inlet;;East Darrickmouth;NY;36414;USA
73;4080 Quincy Drives;;Lake Mabelton;AL;43159-9744;USA
74;862 McGlynn Trail;;West Sherrellchester;NM;89619;USA
75;66839 Roman Canyon;;Wunschbury;NC;47915-7670;USA
76;339 Thompson Green;;Schultztown;NM;24477;USA
77;983 David Landing;;Forestberg;MS;60139;USA
78;26982 Klein Spurs;;Johnsonstad;IA;69160-1839;USA
79;514 Muller Tunnel;;Auerbury;OK;05223-7222;USA
80;806 Hyatt Ridge;;Beierhaven;MT;90680;USA
81;986 Kovacek Meadow;;South Blaine;AZ;84858;USA
82;6861 Catharine Lakes;;Michellemouth;UT;89637-9627;USA
83;26608 Smith Stravenue;Suite 695;Kaylaborough;KS;66092;USA
84;1917 Shelby Extensions;;New Cyrilfort;IN;08163-1113;USA
85;865 Adella Corner;;East Tamiview;WI;45984-8438;USA
86;881 Harvey Summit;;Jacobsonfurt;IA;88647-9339;USA
87;564 Juli Fork;;Nettiehaven;IL;74685;USA
88;2695 Moen Cove;;West Buck;IL;46470;USA
89;93760 Ray Fords;;South Xaviermouth;CT;83948-6818;USA
90;330 Heather Glen;;Aviston;VA;39631;USA
91;2267 Allena Light;;Considineborough;GA;62944;USA
92;628 Bayer Hills;;East Miles;AZ;74784-0618;USA
93;23422 Mitchell Park;;Darcitown;ND;35368-8373;USA
94;9145 Muller Dale;;Port Tora;PE;37503-7136;CAN
95;6985 Sidney Fork;;Beatrizstad;OK;37978;USA
96;7111 Dickinson Port;Suite 636;Lake Dennischester;NH;60086-7252;USA
97;8998 Flatley Spurs;;New Herma;TX;17627;USA
98;4465 Schmitt Prairie;;Macieville;AR;04918;USA
99;71662 Vance Junctions;;East Paris;NM;34511;USA
100;4312 Kub Island;;South Tedborough;WV;70648;USA
101;229 Wynell Wall;;Robertchester;KS;37062-5381;USA
102;88903 Vance Corners;;East Marjorie;UT;91162-9370;USA
103;546 Gulgowski Forge;;East Weifort;PA;30901-3268;USA
104;5140 Enoch Trace;;New Dee;NE;94271-0720;USA
105;91219 Kutch Courts;;New Tammi;MT;08788;USA
106;8783 Orn Causeway;;South Blossom;ID;36426-6092;USA
107;73743 Simonis Light;;Gibsontown;ME;57720;USA
108;7384 Kathyrn Lane;;North Vellaside;SC;65298;USA
109;2707 Shea Cliff;;Westbury;WY;94955;USA
110;335 Fred Bypass;;Melvinhaven;WA;03065-4657;USA
111;16452 Leandra Groves;;Basiliaberg;MT;61509;USA
112;880 Jacobson Landing;;West Gayeburgh;OK;14295;USA
113;87202 Erdman Stream;;East Charolette;MT;62867;USA
114;40020 Reilly Mission;;New Marvinfort;MT;40486;USA
115;9730 Glover Knolls;;Port Jamison;NV;01684;USA
116;991 Moore Path;;Muellerchester;AL;38198;USA
117;5076 Becker Land;;East Boyce;SK;13354-9666;CAN
118;7262 Rowe Lane;;Weberfort;IA;26628;USA
119;64509 Freeman Field;Suite 659;Kriston;NV;96469-4885;USA
120;424 Rippin Spring;;Lake Ralphborough;UT;39305;USA
121;8616 Wilderman Summit;;North Faustino;TN;93524-2385;USA
122;51379 Daugherty Lights;;Odellmouth;IA;58707-8726;USA
123;813 Heidenreich Square;;Alanaview;PE;31430-1984;CAN
124;932 Mraz Fields;;Flatleyville;IL;42119;USA
125;8317 Rau Union;;West Columbus;VT;60605-4730;USA
126;666 Lemke Square;;Lake Florindaport;VA;00505-9970;USA
127;356 Deloris Corners;;Lake Christiniafort;VT;83565;USA
128;3558 Rodriguez Port;;Hahnchester;OK;75735;USA
129;359 Mohr Point;;West Theodoremouth;AK;83193-2416;USA
130;4931 Miller Vista;;North Doyle;GA;96456;USA
131;53458 Aubrey Prairie;;East Jaime;VT;48486-0729;USA
132;792 Marcus Orchard;;Rudolfberg;OK;67430-2531;USA
133;3844 Edgar Harbor;;Pagacland;WY;77087;USA
134;211 Kunde Falls;Apt. 178;Mooreport;TX;45519-6511;USA
135;919 Tomas Glen;;North Venus;MI;77773;USA
136;89384 Rice Burgs;;South Sandy;OR;13973-0719;USA
137;28639 Will Mountain;;Mayerton;OH;12414;USA
138;849 Brandon Stream;;East Gilmachester;WA;05463;USA
139;85876 Tom Brook;;Goyettebury;OK;34820;USA
140;79252 Shanika Shores;;Bayerbury;PA;63422;USA
141;21175 Lesha Lake;;Lake Otto;WA;33348;USA
142;951 Terrence Lodge;;North Zettafurt;NH;08864-1339;USA
143;910 Murray Villages;;North Alysiaside;NE;51857;USA
144;662 Powlowski Stravenue;;New Lindsaychester;NH;68651;USA
145;714 Graham Lake;Suite 399;Port Rickieton;TX;96937-4652;USA
146;69353 Bell Walks;Suite 985;New Alfredia;AR;87677-4783;USA
147;3524 Powlowski Spring;;Cummingstown;IL;83339;USA
148;18290 Schulist Hollow;;North Dalemouth;ID;52566-2091;USA
149;53050 Fisher Creek;;Gutkowskiton;MN;47103-6198;USA
150;23232 Keeling Cliff;;Kuhlmantown;VA;91210-1205;USA
151;1154 Witting Courts;;South Collin;SC;07017-1738;USA
152;7768 Demetrius Neck;;Danyelmouth;AZ;47868;USA
153;9540 Margarito Wells;Suite 954;North Wilmer;MS;42462;USA
154;8654 Jerome Centers;;East Sherellmouth;MN;29267-5339;USA
155;228 Legros Skyway;;Jordanstad;IN;48705-4549;USA
156;79552 Lyndon Hollow;;Bashirianshire;MT;39639;USA
157;18632 Hettinger Circles;;North Adolph;OH;30307-5394;USA
158;9601 Elwood Crescent;;Port Ok;TN;01973;USA
159;4491 Shanta Cape;Apt. 941;South Tannershire;KY;34031-2309;USA
160;8216 Bok Path;;Lisandrashire;SC;28915-4835;USA
161;383 Hoppe Square;;Maport;DE;88067;USA
162;2114 Lakin Valley;Suite 743;Antoninaland;KS;33009;USA
163;867 Boyer Parkways;;West Jenette;UT;87657;USA
164;74095 Funk Square;;Port Gino;GA;84448;USA
165;274 Shona Union;;South Karryfort;NV;61065-0604;USA
166;125 Goldie Forks;;Port Hoberthaven;ND;52393;USA
167;57187 Ana Loaf;;West Linette;AK;63050-6514;USA
168;594 Anika Lights;;Hayeshaven;DE;74425-8661;USA
169;879 Dale Flats;;New Emory;AL;01473-2335;USA
170;368 Luettgen Fork;;Port Lakita;NV;63744;USA
171;3877 Cremin Estate;;Wizafurt;MD;56268-2443;USA
172;51794 Johnathan Points;;New Antontown;MD;42414-0938;USA
173;92180 Brakus Glen;;Port Ellamae;NV;85020-0450;USA
174;34330 Deon Shore;;New Raymon;NY;93322;USA
175;46992 Tracie Stream;;Port Carlofurt;MI;00648;USA
176;760 Buckridge Ridges;;Abshireburgh;AL;81686;USA
177;3005 Kessler Camp;;Spinkaville;MA;34715-3127;USA
178;650 Brittny Court;;New Brianne;MD;43329-2986;USA
179;4574 Aretha Wall;;East Marilu;MT;87281-0842;USA
180;281 Yuko Spurs;;Port Bret;KY;79955-2257;USA
181;1771 Jasmine Lock;;North Joselynberg;TX;22457-3520;USA
182;696 Aja Shore;;Wolffchester;WY;43608;USA
183;6154 Deckow Corner;;East Jinny;NE;88736-2221;USA
184;67263 Leon Road;;New Nichelle;NV;64991-8499;USA
185;358 Howe Parkway;;Lake Jodeeside;IL;49953;USA
186;651 Gerhold Mountains;;Lake Felica;IA;24749-0128;USA
187;7614 Hills Lake;;North Donaburgh;MS;31245;USA
188;673 Haag Mall;;Heathcoteport;WI;95188-7738;USA
189;357 Stefan Glens;;Boscofort;CA;11598;USA
190;225 Troy Lane;;Koeppside;TN;04394-1839;USA
